x0,x1,shap0,shap1,label
14.469915,9.256977,20.864822,22.939417,0
11.901207,11.387493,14.94441,19.64497,0
9.528398,-5.2287397,13.532773,11.455737,0
15.356033,-0.7093106,-8.917241,-8.334156,0
6.46751,-3.5626774,23.274258,-2.8966312,0
15.216571,-0.8007236,-8.917256,-8.334213,0
3.3046768,11.513,16.143879,-0.007736744,0
6.554666,-5.552578,13.385087,6.3611765,0
10.593936,12.598698,17.753698,15.959683,0
8.025408,13.425448,10.348732,-6.827211,0
8.06349,13.436211,10.399675,-6.822841,0
9.195241,-5.700314,13.556962,12.107755,0
10.3747225,14.632462,17.857456,14.844295,0
10.948219,17.46392,6.671209,1.0783235,0
14.543407,9.204592,20.785671,23.019533,0
8.761949,-5.95784,18.55452,6.4303746,0
3.8335266,11.2109375,17.568428,0.5796435,0
5.12397,9.926991,11.886646,-0.7136678,0
5.625293,-5.812655,24.299839,-3.1702175,0
14.465367,-1.1216623,-13.604238,-1.57917,0
11.551321,10.904762,14.974393,19.595722,0
6.4848337,-3.5793896,23.288631,-2.911395,0
15.226106,-1.1957744,20.426378,27.591759,0
8.600706,13.679139,9.639984,-6.8717537,0
14.963164,-1.0961152,-8.577569,-4.394156,0
5.6258354,-5.8138027,23.303041,-2.8899117,0
6.5436783,-3.6425498,24.310974,-3.1672404,0
10.441469,15.799055,10.028321,-3.136709,0
14.375652,-1.0974787,-13.604247,-1.5791267,0
8.820184,-5.993673,18.55134,6.4214983,0
3.7521033,7.016254,10.73992,-0.22209485,0
5.040189,10.314373,11.955193,-0.69846016,0
11.529726,11.471028,23.649588,13.125206,0
10.729465,16.340527,7.0232964,1.0908866,0
3.4592085,5.92505,-5.078893,-7.6588807,0
10.5326185,12.801779,17.612118,15.83042,0
10.572225,12.721239,17.655138,15.904338,0
2.3541462,11.814283,27.825186,-6.3109055,0
10.805888,10.134693,24.14682,10.012733,0
15.311544,-0.7104544,20.435608,27.600296,0
14.41942,9.301348,20.847065,22.953697,0
5.49876,20.492754,11.51331,-6.0254188,0
8.803777,14.016081,11.23858,-6.152569,0
5.787508,11.047887,6.5170484,-7.415547,0
9.577365,11.240171,16.870737,14.7617,0
5.4869103,20.474052,7.752321,2.047236,0
10.090162,14.205301,18.672247,15.550198,0
5.4698696,20.453547,7.732528,2.0347068,0
11.053177,11.672752,24.495394,12.858915,0
4.813344,10.5102415,12.901065,-0.68964565,0
10.0622635,-4.824495,16.048903,6.8296824,0
10.753508,9.976806,24.126549,9.994196,0
10.364713,13.4742775,17.756071,15.965313,0
10.43568,13.093657,17.629791,15.870922,0
11.230287,10.764874,24.65733,12.451091,0
2.0790617,12.233902,27.79308,-6.278747,0
9.459155,11.211294,16.855518,14.746072,0
11.227651,10.415059,24.252506,10.27091,0
8.148878,-5.71166,18.30429,6.2948823,0
4.228982,20.063742,7.5936937,1.9167429,0
4.0364,7.7277923,13.659311,-0.3846061,0
6.0432944,11.270182,6.844176,-7.431595,0
15.040604,-1.4783437,-7.203204,-12.323728,0
9.218231,-4.3629885,14.643281,6.4998674,0
10.749515,9.975415,24.016375,9.859129,0
4.1771045,10.590823,14.778328,-0.59166455,0
9.744117,-5.257798,12.328253,11.194753,0
15.426932,0.21811172,20.391582,27.555851,0
9.963265,14.741855,8.847141,-6.862072,0
8.810711,14.063381,11.1649,-6.1866097,0
9.343326,-5.530186,12.319812,11.165745,0
1.4536315,11.584317,27.83628,-6.322013,0
14.704554,-1.1571867,-8.917399,-8.334075,0
8.601037,-5.8640494,18.540918,6.4240675,0
14.901494,-1.3849692,-8.572251,-4.3891172,0
3.9759238,11.082883,15.87135,-0.21574846,0
11.840892,11.474791,14.966899,19.6032,0
6.443776,11.622032,9.879182,-2.9836912,0
6.5750475,11.748462,9.95735,-3.0667634,0
5.1175103,10.075508,11.900261,-0.66599816,0
14.622872,9.119273,20.955038,22.841646,0
2.9909549,11.761156,2.2987938,-7.813251,0
11.979114,11.3341465,20.854445,22.949593,0
10.343553,14.60139,17.984978,14.687089,0
9.658515,11.256621,16.911024,14.725399,0
3.179816,11.586873,16.121912,-0.005026683,0
3.433095,5.8936076,-5.192316,-7.545073,0
6.3356028,11.503288,6.6381917,-7.4753904,0
9.366674,-5.631098,13.494734,11.765604,0
2.2616987,11.796991,14.80579,-1.0051517,0
8.023537,13.391349,10.427744,-6.76509,0
3.2849526,11.516603,16.17778,0.022207778,0
11.8875065,11.405619,20.99722,22.798586,0
6.684436,-5.5137677,15.811957,6.6409774,0
2.9077566,11.465695,14.788891,-0.69788665,0
5.6294537,-5.844884,10.761979,-0.252657,0
2.2595234,11.603545,17.384224,0.46894923,0
6.5995793,-5.5354357,13.373319,6.356939,0
15.244427,-1.7756281,-8.9172735,-8.334263,0
11.012905,16.699509,6.2836266,1.4345286,0
9.808743,-4.4992332,16.029175,6.8433285,0
8.861791,-5.930874,13.584262,12.135486,0
1.9411547,12.767008,17.074663,0.5777171,0
9.825987,-4.5636907,15.967844,6.8679433,0
2.252201,12.0601015,27.834652,-6.3203597,0
1.310956,11.456239,14.7820425,-1.0251162,0
16.173735,-1.2381134,21.07449,28.583313,0
8.7481785,14.13422,7.358102,1.8084555,0
15.4827385,-0.89743114,-7.2058115,-12.326792,0
16.14078,-1.2102559,20.459644,27.590153,0
9.921666,-4.749615,14.881206,6.3159065,0
8.712964,11.02894,17.95489,14.647994,0
15.460176,0.2415806,20.403894,27.567148,0
10.121978,11.360015,16.876577,14.764961,0
9.990787,13.839271,17.904722,14.789198,0
4.079944,11.074046,24.029827,9.8702345,0
10.206125,11.403002,24.283695,12.998028,0
8.95596,11.149719,17.547117,15.171027,0
1.2528228,11.386467,14.503155,-0.7876187,0
6.4843006,-3.5818336,24.380945,-3.1020947,0
15.549042,-1.186939,20.469044,27.632713,0
15.26958,-1.7257761,-7.1135015,-12.233915,0
10.76705,16.409418,6.935477,1.052488,0
3.3963645,5.8657656,-5.1427197,-7.595541,0
10.760703,16.393406,7.1900187,1.3144181,0
9.779498,11.308633,16.891022,14.774316,0
11.011907,16.689377,6.375249,1.347149,0
9.566892,-5.0713916,13.713533,10.866203,0
2.5293512,13.157912,23.029654,10.252795,0
1.8070173,11.618587,14.941946,-0.93482256,0
9.783043,-4.5412817,14.568139,6.483096,0
12.0831,11.328319,20.805517,22.998484,0
8.793728,11.103632,18.72772,15.500063,0
6.0266204,11.254556,6.815449,-7.410641,0
10.795903,16.430763,7.1654596,1.3101828,0
15.127725,-1.3974967,20.392525,27.552332,0
14.377289,-1.1065773,-8.55446,-4.3712335,0
11.855734,11.2889,20.967813,22.82795,0
14.44902,-1.1668799,-7.2029314,-12.323384,0
5.5057135,20.466904,11.515626,-6.040074,0
4.5110655,9.087578,13.321922,-0.2236221,0
3.9691477,7.655357,12.8540945,-0.7459772,0
10.791737,10.113327,24.074009,9.911524,0
8.658732,-5.8169684,18.537373,6.451786,0
15.277537,-1.3076545,20.478573,27.641415,0
7.84048,-3.8133273,23.30292,-2.915534,0
1.5011541,11.595897,27.816082,-6.3017907,0
4.4586453,9.046683,12.925177,-0.48973036,0
2.3730354,11.896704,17.603361,0.61558145,0
10.346767,14.237842,17.57349,15.612776,0
11.936834,11.360764,20.774757,23.02995,0
10.932502,17.473358,6.61946,1.1114217,0
1.9857717,12.79927,17.39369,0.496953,0
15.289246,-1.7308507,-7.1866035,-12.306953,0
10.073501,14.388273,17.962198,14.68987,0
3.9825144,7.754126,14.532818,6.4366193,0
7.3550334,-5.4359393,14.954815,6.3351703,0
9.702155,-5.0392637,13.670108,10.834706,0
9.652978,-4.4927106,13.968146,6.3196483,0
5.2242208,10.694982,12.713753,-0.6622295,0
10.81121,10.064149,24.12792,9.969728,0
14.57995,9.178237,20.903435,22.896042,0
10.405866,15.739392,10.075937,-3.2156878,0
15.3987465,0.15813367,20.440516,27.605318,0
2.5166888,13.152,23.036322,10.244829,0
9.624381,-5.217031,13.630816,10.795399,0
8.772309,13.802268,9.004199,-6.9694266,0
9.056827,14.236712,9.878434,-6.860156,0
10.945997,16.634964,6.6890907,1.1324896,0
9.027592,14.26239,10.966001,-6.2420626,0
8.974539,-4.049296,13.387585,-1.5650036,0
9.195519,-5.7701883,13.606063,12.189374,0
3.4314702,5.8732095,-5.085793,-7.651901,0
10.865918,16.521145,7.0098815,1.0920793,0
4.4767337,10.445221,13.692761,-0.39193508,0
9.7670555,-4.721803,14.715525,6.3780446,0
5.557167,20.462374,11.526069,-6.0490727,0
10.611891,11.593287,24.677773,12.435705,0
3.9490762,6.2850366,10.727768,-0.21033986,0
15.457575,0.25977868,21.011349,28.491282,0
4.2240005,10.988594,13.512083,-0.8972496,0
3.8716,6.364385,10.744549,-0.22229579,0
10.540964,15.9800825,7.042432,1.1006336,0
10.599372,12.670307,17.61674,15.551303,0
10.901247,16.61336,6.6024466,1.1396112,0
10.795341,16.649452,7.0050554,1.0907654,0
9.782963,-4.5745263,14.570642,6.436531,0
8.8434725,11.143255,17.652811,15.069312,0
9.757903,-5.2940555,12.337678,11.178492,0
7.094749,-5.454625,15.947893,6.7816257,0
6.5055757,-3.6014564,24.311739,-3.164636,0
15.246255,-1.622386,-7.204017,-12.324148,0
4.459617,9.073044,11.968373,-0.7076059,0
3.08423,11.7139225,17.417723,0.47701594,0
4.147163,20.001955,6.609553,1.7245524,0
8.744273,14.128805,7.295542,1.8182424,0
11.317133,11.621864,24.249851,13.053022,0
10.160265,14.16089,18.673267,15.558652,0
9.128236,-5.8175945,13.571007,12.124732,0
11.331898,10.515559,24.601383,12.562306,0
10.946175,17.45145,6.3646936,1.3704323,0
9.783509,-4.959323,18.08214,6.3573604,0
5.441727,20.43059,7.754867,2.0494056,0
15.134185,-1.3472996,20.551289,27.673489,0
6.561909,11.729597,6.710059,-7.481897,0
2.549109,13.1595955,23.989714,9.832891,0
11.332357,10.591126,24.641783,12.2547865,0
14.710226,9.005523,20.983278,22.815306,0
10.1579485,14.056291,17.911797,14.767597,0
3.9619596,7.688036,13.919436,6.322983,0
15.083848,-1.3151737,-8.567268,-4.384013,0
15.26436,-1.7776613,-13.604231,-1.5791719,0
14.648514,9.0681715,14.977209,19.59174,0
5.097655,9.852384,11.763641,-0.69823676,0
2.3304458,12.068464,27.84935,-6.335077,0
10.764504,9.989312,23.987562,9.828923,0
4.2952747,10.963352,13.333764,-0.9355727,0
4.006108,7.402707,12.265539,-0.92191035,0
10.421774,15.732275,9.93462,-3.0431926,0
5.598541,20.559956,7.7143435,2.014226,0
10.945262,17.48663,6.3619623,1.3599834,0
9.394821,11.188172,16.94813,14.87385,0
3.9793205,7.3735137,12.130198,-0.8551195,0
14.749724,-1.2529584,-8.560038,-4.3769093,0
5.914784,11.169742,10.771512,-0.25713867,0
5.1026287,9.891607,11.881594,-0.6750067,0
8.967619,-4.0418262,13.389355,-1.5652555,0
5.6032944,20.566555,7.0769377,1.8667854,0
9.46435,-4.7592893,13.673707,10.942988,0
2.530629,13.166782,23.028214,10.252837,0
3.4056509,5.870248,-5.1694145,-7.5688705,0
11.002579,16.675674,6.3476577,1.3228861,0
3.9898758,7.7712355,13.518172,-0.3787109,0
3.9463255,6.2857876,10.833966,-0.27507544,0
3.80466,11.18221,17.591202,0.5454202,0
4.4094114,10.59102,13.801668,-0.4413967,0
10.8061075,16.461203,6.7950726,1.0666585,0
9.118731,-5.82586,13.538855,12.096741,0
1.5159584,11.609744,27.872438,-6.3581467,0
15.424846,0.21205913,20.617096,27.87363,0
9.900771,11.331708,16.86172,14.750686,0
3.357507,5.822271,-5.1509094,-7.5873337,0
4.5880194,10.844158,13.230554,-0.74948424,0
9.671168,11.312469,17.295055,15.325716,0
14.714667,9.004925,20.823765,22.983627,0
9.342206,-5.653561,13.506168,11.79298,0
4.45376,9.063135,12.619758,-0.63294417,0
3.9825325,7.728103,13.893299,6.3248806,0
7.507271,4.057967,16.451519,-4.6842256,0
8.73913,13.803485,9.742144,-6.8697596,0
9.968133,-4.924516,14.912443,6.322775,0
6.2481375,19.20903,10.593941,-6.4006643,0
8.816757,13.953374,10.452172,-6.322008,0
10.750579,9.972454,24.044525,9.8851,0
15.278122,-1.7969109,-7.157574,-12.278039,0
8.442127,-5.8693905,18.54623,6.4207616,0
9.415394,-5.007279,13.639168,10.810048,0
8.817271,11.107867,18.699661,15.506535,0
2.2628,12.005224,27.820236,-6.3059587,0
4.0433593,10.662913,14.77886,-0.6686966,0
11.264292,11.721617,24.33188,12.989913,0
3.6403823,11.285334,17.4415,0.4518089,0
10.019079,14.4421835,17.944452,14.734339,0
11.83097,11.252009,24.278618,13.0443735,0
10.53212,12.833628,17.623346,15.83478,0
5.309875,10.780194,13.133934,-0.7534195,0
8.760081,13.933665,11.105338,-6.1740737,0
15.276825,-1.4242132,-7.1683936,-12.288882,0
6.493954,-3.5896764,24.324696,-3.1528075,0
2.5419712,13.159255,23.927614,9.827053,0
15.28817,-1.8124965,-7.201486,-12.321154,0
14.433499,-1.1247169,20.363655,27.52636,0
2.0890017,12.053716,14.897057,-1.0167185,0
9.465992,11.212121,16.830357,14.722294,0
1.9837906,12.832829,23.027496,10.252648,0
10.710605,11.728773,24.389662,12.9667,0
2.3379087,12.12353,17.04468,0.5580056,0
5.633843,-5.811777,24.25589,-3.1615946,0
8.694435,13.817571,10.483925,-6.706166,0
10.328346,14.653098,17.954706,14.736698,0
3.9383755,6.247205,10.7606535,-0.24300078,0
9.434049,-5.447295,12.333354,11.19716,0
9.698559,-4.552486,14.606166,6.4565816,0
4.001382,6.3284473,10.762153,-0.2291228,0
5.602468,20.563215,7.724454,2.029793,0
6.468145,-5.5689254,13.479734,6.3296905,0
5.612891,-5.8272014,23.346539,-2.9447196,0
6.298847,19.155775,8.985133,-6.9127173,0
5.0943327,9.93391,11.712595,-0.6725749,0
10.364375,13.502687,17.696165,15.90383,0
4.195596,10.960241,17.482754,0.683481,0
4.184946,20.038017,7.178971,1.8382014,0
10.67249,11.457515,24.516008,12.840809,0
3.9805374,7.7216916,13.456313,-0.37232664,0
4.0399404,7.9979067,13.701972,-0.39511675,0
10.135975,14.182305,17.677927,15.110583,0
8.99207,14.319626,10.931895,-6.2958703,0
9.916369,14.520231,8.832172,-6.8542533,0
3.9560354,7.3463726,12.223815,-0.96882033,0
14.683266,9.035172,21.072235,28.580128,0
6.450143,-3.5454922,23.290112,-2.9114587,0
9.5212,11.220222,16.845469,14.730008,0
8.640603,13.69809,8.80762,-6.832889,0
10.93224,17.468063,6.560402,1.1488743,0
15.433892,0.22496574,21.0734,28.582008,0
8.7147875,13.767828,9.000283,-6.9018946,0
6.2148747,19.265858,11.424774,-6.1056623,0
5.610568,-5.8246865,24.326658,-3.1505036,0
14.80451,-1.3088459,-7.179218,-12.299612,0
11.594738,11.440314,23.67283,13.131272,0
9.4986315,-5.3075404,12.328889,11.195855,0
9.986183,-4.8663836,16.030096,6.837698,0
4.7212143,10.406063,12.050488,-0.8081284,0
10.3920555,13.136579,24.656229,12.27754,0
8.076835,13.425959,10.379806,-6.760556,0
6.4679656,-3.5626423,23.301456,-2.9245377,0
11.303202,10.485984,24.678627,12.331879,0
10.321929,13.623798,18.544456,15.625916,0
5.619498,-5.8229747,24.252079,-3.159549,0
4.0633583,10.691444,15.976244,-0.120251186,0
7.8577576,-3.8174984,23.299053,-2.9133663,0
15.314564,-0.6369927,20.376495,27.540106,0
3.3543034,5.8203797,-5.0560794,-7.6817083,0
15.261532,-1.1966846,20.48684,27.654963,0
1.3380429,11.466361,14.797152,-0.98301435,0
2.9287853,11.770415,2.2998886,-7.814768,0
5.8034334,-5.698009,23.270962,-2.8907552,0
15.272993,-1.7989305,-8.5262785,-4.3429418,0
10.647551,12.318415,17.610886,15.835721,0
4.7420454,10.484025,12.933428,-0.6470145,0
4.8836837,10.562007,12.7902155,-0.7364147,0
4.4796166,9.131094,13.350873,-0.24324723,0
1.5071142,11.563621,2.3053112,-7.8202367,0
10.905981,11.850844,24.649776,12.471455,0
2.426077,11.822625,14.947216,-0.89782655,0
8.341774,-5.819834,18.556335,6.4334188,0
3.271148,11.527323,16.194971,0.038271047,0
5.078454,9.826393,11.84808,-0.6500472,0
5.8318324,11.097824,6.501726,-7.414674,0
8.842029,11.126162,17.575497,15.128921,0
11.617597,11.241224,14.949819,19.621967,0
4.2195206,20.059242,7.4908223,1.8526553,0
2.2159204,11.974762,27.86042,-6.3460984,0
6.2826514,19.170948,10.4585495,-6.2886276,0
10.02765,11.366166,16.97485,14.907456,0
8.719202,14.156303,7.2517896,1.7917944,0
2.283178,11.910172,27.824312,-6.3100233,0
2.497934,11.708956,16.032093,-0.0867011,0
3.5624,11.330464,15.915259,-0.19686387,0
-4.8183074,5.7797637,8.292578,6.769596,0
10.85128,16.518751,6.9911876,1.061546,0
7.857266,-3.8167028,23.261877,-2.8861818,0
6.4681597,-3.56291,23.272587,-2.894728,0
5.8711762,11.130747,6.499875,-7.4182,0
15.339488,-0.97101927,-7.1703796,-12.290829,0
10.467377,15.822904,10.026641,-3.135865,0
14.655656,9.083593,20.88118,22.919153,0
14.522296,9.237262,20.884687,22.917486,0
16.190863,-1.2344556,20.458761,27.621763,0
10.959297,16.643253,6.354894,1.3883315,0
9.722949,-4.5386367,14.959195,6.3532395,0
3.4348187,11.399537,15.950688,-0.16223425,0
5.270935,10.678254,13.285897,-0.32147074,0
2.0602112,11.58684,27.837116,-6.3228264,0
11.310322,10.506048,24.70386,12.396793,0
2.5272236,11.773572,2.300151,-7.815031,0
10.50238,11.537258,24.336153,12.9525175,0
10.340476,14.233368,17.62756,15.436054,0
3.5052662,11.3639765,17.533121,0.6421043,0
3.820061,10.773428,14.930151,-0.9174504,0
15.42652,0.22971861,21.072493,28.579931,0
9.855475,-5.1480217,13.669339,10.847404,0
6.306371,19.147696,10.448117,-6.2849727,0
8.007687,13.402213,21.07354,28.581638,0
3.642476,6.22811,-5.0590773,-7.67858,0
6.2718434,19.182905,10.474171,-6.275699,0
14.571903,9.150783,14.961537,19.607502,0
10.971714,16.648779,6.4338145,1.27049,0
15.409146,0.013062123,20.42399,27.61268,0
3.2365878,11.561635,17.550695,0.5839301,0
3.9976692,7.38072,12.221738,-1.0622841,0
14.4277725,-1.1349587,-7.18104,-12.301535,0
5.100573,9.892822,11.934097,-0.70897555,0
15.2598715,-1.6136228,-7.1752696,-12.295898,0
6.2947426,19.157324,10.6427965,-6.352087,0
10.2345295,13.980735,17.894974,14.849468,0
10.912745,17.48828,6.3324885,1.4884104,0
8.901706,-5.916999,13.569091,12.121561,0
10.907492,17.44917,6.369575,1.3798133,0
15.261775,-1.8025941,-7.1797047,-12.300184,0
8.965466,14.369734,11.539334,-6.0375237,0
10.136219,14.252404,18.678211,15.549586,0
5.937043,11.188592,6.537233,-7.3949213,0
15.334818,-0.80002326,20.424038,27.586933,0
4.1538463,20.010572,6.8253245,1.7801483,0
10.094855,13.903258,13.458328,-1.1232862,0
3.8787231,11.134114,17.602028,0.59371823,0
6.5859127,11.758085,9.888392,-2.9667473,0
2.0880744,11.987606,14.852846,-0.9762413,0
10.381409,13.444535,17.954285,15.847129,0
3.9457471,7.3084054,12.157928,-0.9799949,0
6.568099,-5.552168,13.366719,6.342556,0
8.788661,11.09118,18.6825,15.5370655,0
9.431271,-5.0328336,12.314263,11.207957,0
7.507305,4.0579147,16.451366,-4.6840596,0
10.280373,15.279265,7.096011,-7.5497117,0
10.34915,15.56043,10.038994,-3.151638,0
6.576352,11.748702,9.89619,-3.000306,0
2.360969,12.040832,27.857836,-6.3435955,0
6.436562,11.601675,7.0656543,-7.530427,0
4.469446,9.081698,13.29656,-0.24194348,0
1.5482681,11.613212,27.835228,-6.3210273,0
15.313606,-0.74485046,20.445532,27.607162,0
1.2417376,11.401752,14.515571,-0.7740743,0
14.692255,9.021478,21.082047,28.588135,0
8.367318,-5.786158,18.533787,6.4158635,0
14.962594,-1.4250917,-7.1500187,-12.270367,0
3.9301243,7.329574,12.226942,-0.9701524,0
3.413726,5.885989,-5.150891,-7.587539,0
5.6769753,-5.788095,13.375678,6.3555446,0
10.931196,17.465199,6.321276,1.4951313,0
3.428227,5.89204,-5.1892815,-7.549138,0
14.661228,-1.231852,-13.604234,-1.5791775,0
10.472393,15.854729,10.037183,-3.1493013,0
8.798288,11.096804,17.56622,15.094953,0
5.5793223,-5.8579316,24.345125,-3.139281,0
10.8958025,17.086334,6.6843314,1.0773162,0
5.5658855,20.525364,7.7300086,2.0360417,0
2.3717663,11.89129,16.272024,0.087512456,0
7.2142863,-5.433455,15.940596,6.776277,0
10.076663,14.26682,8.746198,-6.82466,0
5.431145,10.80608,12.781738,-0.6839305,0
12.014735,11.326696,20.94689,22.85171,0
15.437551,0.2396921,21.073927,28.582333,0
14.388487,-1.1114666,-13.604216,-1.5791755,0
8.04859,13.434037,10.384052,-6.804613,0
7.5072503,4.0580053,16.45135,-4.6840925,0
6.1443114,11.353942,7.084304,-7.5460086,0
10.602142,11.407247,24.72419,12.439522,0
2.5370753,13.135574,24.012218,9.858683,0
1.3069981,11.441815,14.84414,-0.99271923,0
6.2799835,19.174852,9.606086,-6.8727016,0
15.359158,-0.7724714,20.450245,27.598846,0
3.309426,11.501273,15.97811,-0.13674635,0
8.761915,11.092706,6.9594526,-7.476183,0
9.506387,-4.739791,13.718779,10.843206,0
4.1175714,11.031941,17.553802,0.6321837,0
3.2578764,11.525708,15.93036,-0.18320227,0
15.169559,-1.3719972,20.482283,27.645796,0
8.719088,-5.873987,18.521988,6.403598,0
8.325167,-5.84748,18.255188,6.275122,0
11.734133,11.1376705,14.961325,19.608953,0
8.6331835,13.731891,9.435429,-6.847758,0
15.335395,-0.7100797,-8.917307,-8.334125,0
8.764174,11.09658,6.9102316,-7.4610424,0
16.153784,-1.236854,20.414164,27.577936,0
4.443664,10.456369,13.634408,-0.35165653,0
5.129676,9.93545,11.8003025,-0.6846076,0
8.823363,-5.921457,18.559214,6.4274964,0
8.427169,13.6164,10.553697,-6.6154284,0
8.554126,13.637722,8.938677,-6.921855,0
14.598134,9.179063,20.88597,22.91633,0
11.643664,11.237248,23.650354,13.113986,0
10.953169,17.428904,6.610099,1.1454754,0
1.9332565,12.81668,17.066702,0.5902316,0
4.140523,19.996958,6.6954613,1.7822067,0
4.958565,10.750298,12.836725,-0.72237957,0
14.59714,9.157996,20.910425,22.8939,0
11.947297,11.3432,24.307247,13.019626,0
6.337241,11.520987,9.918055,-3.0226336,0
8.742953,13.83234,8.95852,-6.9117312,0
6.4906936,11.665224,7.1116242,-7.567125,0
10.572443,11.506884,24.381123,12.933833,0
10.316805,13.990597,17.604856,15.608882,0
15.438069,0.2259427,20.44899,27.613237,0
1.3208287,11.469118,14.820142,-0.9624335,0
7.507297,4.057911,16.45134,-4.683925,0
10.674842,12.048636,17.5667,15.804282,0
3.49786,5.9993925,-5.051322,-7.686328,0
4.3399544,10.67865,13.935743,-0.47999033,0
3.9183335,7.194846,12.12034,-0.96531,0
14.6138935,9.128748,20.84231,22.962225,0
10.431214,15.777372,10.083256,-3.2001274,0
10.175657,14.915177,6.5980444,-7.442714,0
2.5379963,13.160152,23.017702,10.263973,0
11.3656645,11.636668,24.096573,13.092198,0
11.270588,11.667129,24.419266,12.94745,0
14.539547,9.219053,20.938559,22.861546,0
10.212367,15.012127,6.823188,-7.4734397,0
3.7991195,11.193166,17.464434,0.5170565,0
10.122715,14.196147,18.677437,15.556401,0
7.8592973,-5.6052513,18.245707,6.256886,0
10.916294,17.496826,6.5913954,1.1340345,0
16.192726,-1.2517384,20.395205,27.572618,0
7.3374906,-5.4232855,14.923466,6.330292,0
5.5544343,20.503998,11.550811,-6.027086,0
8.273983,-5.7742705,18.245964,6.263702,0
3.9548812,6.2779064,10.744761,-0.22663546,0
8.971022,-4.046234,13.387089,-1.557104,0
6.415077,11.570403,6.6579714,-7.42939,0
3.2972167,11.467614,16.149158,-0.004923489,0
4.8299313,10.624871,12.8937845,-0.692718,0
6.626364,-5.5313635,13.376112,6.369982,0
2.2124043,12.310893,17.461061,0.5171157,0
10.573764,12.693023,17.606173,15.841018,0
14.681739,9.043829,20.861004,22.941301,0
10.320209,14.660109,17.96891,14.699576,0
10.656862,11.334231,24.705122,12.403582,0
1.9485002,12.795285,17.043337,0.56952393,0
8.786855,14.118328,11.213277,-6.1589293,0
2.8659754,11.545457,14.93426,-0.84715897,0
2.8659337,11.678046,2.3000712,-7.815033,0
16.207468,-1.197655,20.432556,27.608313,0
11.343526,10.534535,24.49947,12.870856,0
4.4428306,10.336413,13.331848,-0.25997582,0
11.373202,10.589862,24.520958,12.824935,0
10.966886,16.641869,6.334065,1.457145,0
5.1925,10.6134815,13.220145,-0.31267253,0
9.29423,-5.70906,13.530352,11.793659,0
10.724056,12.244238,17.619972,15.846401,0
10.619703,12.514646,17.729227,15.937259,0
6.2388434,19.217674,10.408715,-6.784085,0
3.819834,7.1913533,12.099896,-0.9824674,0
9.418115,-4.5969334,14.708147,6.3565693,0
5.8821177,11.136449,13.384855,-1.5671116,0
8.704544,13.757286,9.554767,-6.8998055,0
10.317172,14.628172,17.895933,14.848808,0
10.311309,14.375234,17.598682,15.526579,0
1.3976314,11.520491,2.3001657,-7.81504,0
4.179039,20.028996,7.247806,1.5219151,0
11.34356,10.542244,24.666388,12.423146,0
15.398534,-0.7830862,20.50081,27.664967,0
4.2548666,10.452021,14.478133,-0.7376854,0
6.5952344,11.768542,9.842037,-2.9440084,0
11.83042,11.300279,23.64181,13.114784,0
5.5940275,-5.8461103,13.817002,6.318297,0
3.9709358,7.8234987,13.637926,-0.36022678,0
3.9586327,6.2763014,10.751729,-0.23221678,0
3.9165087,7.2630434,12.129333,-0.9675943,0
2.4699304,12.359236,24.007652,9.857407,0
1.2905734,11.435681,14.493505,-0.72224873,0
3.3579192,11.456676,17.596977,0.58896285,0
16.157228,-1.2260244,20.425674,27.587206,0
4.2186346,20.056633,7.4570103,1.8606395,0
2.4378922,12.081998,17.428905,0.4689749,0
10.024745,-4.803212,15.999204,6.856577,0
8.031828,13.427468,10.336848,-6.8442802,0
9.768853,-4.687349,18.05883,6.3446093,0
10.12623,14.217385,18.683445,15.549798,0
1.2909672,11.433886,14.824876,-0.9915387,0
2.3795528,12.027878,27.809612,-6.2953215,0
14.539534,9.216207,20.829515,22.975931,0
15.235722,-1.348687,-7.1777496,-12.298196,0
9.748598,-4.5046926,14.614593,6.4525843,0
7.3011017,-5.431327,14.9918995,6.365511,0
4.298384,10.896103,15.048899,-0.5540243,0
10.016377,14.428989,8.830573,-6.8593946,0
2.2682264,12.013851,27.800102,-6.2858057,0
9.984035,-4.8407283,16.089388,6.779242,0
4.463722,9.074293,13.352709,-0.20435633,0
15.23453,-1.7232797,-13.60431,-1.5792074,0
3.948081,6.2703333,10.737219,-0.21612161,0
4.16754,20.022343,6.5882244,1.732945,0
15.090601,-1.3886744,20.407154,27.566462,0
4.466561,9.0759535,13.312617,-0.23352781,0
10.022677,14.466415,6.7194386,-7.4777055,0
10.293603,13.989105,17.656534,15.436517,0
12.028726,11.31998,14.968819,19.602463,0
3.1739616,11.608161,15.993121,-0.12446239,0
6.5575395,-5.551417,13.349374,6.38333,0
2.3411002,12.007474,16.06077,-0.0632273,0
9.667323,-4.4467654,13.393737,6.367587,0
14.371821,-1.0910876,-13.60439,-1.5789851,0
14.654444,9.078329,20.924196,22.874468,0
8.0584545,13.436149,10.443709,-6.7466626,0
10.25294,13.941409,17.85944,14.965216,0
6.3056474,19.148485,10.75638,-6.2671885,0
9.919628,-4.68067,15.971429,6.8801775,0
3.9886196,7.6981864,13.912505,6.32511,0
8.167568,13.483973,10.430082,-6.7490816,0
11.934638,11.365781,20.9083,22.893673,0
4.1899567,20.037449,7.338894,1.8164169,0
2.319478,11.956013,16.075254,-0.050643444,0
6.5991735,-5.527859,13.374932,6.357417,0
6.5081587,11.680237,7.126762,-7.524048,0
10.007244,-4.7770367,16.057072,6.857819,0
10.010502,14.547446,6.8752923,-7.4991307,0
8.695646,13.754762,10.33203,-6.7954507,0
8.893498,14.24539,11.492571,-6.0468755,0
8.430893,13.584539,9.612046,-6.8815484,0
8.908663,-5.9095926,13.586942,12.138104,0
5.6752715,-5.7893643,24.307158,-3.1653893,0
5.0879335,9.912058,12.000649,-0.782793,0
3.5052054,6.002614,-5.0435863,-7.694266,0
10.773388,10.004883,24.04344,9.88714,0
10.339968,14.241366,17.572308,15.751181,0
6.112356,11.332589,6.5126624,-7.354521,0
14.427004,-1.1272007,-8.5402,-4.3570104,0
10.219341,14.933434,6.6982617,-7.4441533,0
9.510434,-5.277488,12.329198,11.195836,0
8.671066,11.056261,6.9851503,-7.523134,0
4.137344,10.589334,14.886698,-0.8140296,0
16.189463,-1.2434107,20.477854,27.640501,0
3.3065796,11.501334,17.53188,0.56417435,0
5.601927,20.564018,7.037815,1.8672487,0
8.625933,13.696431,8.922203,-6.8893824,0
4.1932993,20.038723,7.248142,1.5082937,0
14.437999,-1.1627204,-8.554204,-4.370864,0
10.775971,10.007369,24.017975,9.861954,0
11.045854,11.755227,24.70503,12.417242,0
10.520804,15.958731,10.019056,-3.1287723,0
15.244692,-1.146244,-13.604291,-1.5791287,0
3.4177449,5.8850408,-5.160088,-7.578291,0
2.0115843,12.702689,27.811104,-6.2968044,0
9.259276,11.165494,16.88366,14.767827,0
5.5151815,20.475895,11.54821,-6.0156693,0
10.938735,11.787918,24.384008,12.953395,0
8.888069,14.232737,11.482323,-6.039928,0
4.1878986,11.034848,24.033997,9.8754,0
10.322714,15.4187565,7.030435,-7.517907,0
9.785141,-4.6489043,14.947039,6.321958,0
1.2686505,11.412153,14.759386,-0.9585863,0
1.9452491,12.789928,17.076998,0.56393886,0
10.102462,11.372906,24.353283,12.932549,0
11.752407,11.373193,23.649885,13.119051,0
9.218522,-5.6724625,13.571253,12.123107,0
8.783842,11.10066,18.715582,15.517432,0
3.9978828,7.7600117,13.449925,-0.39475495,0
2.3899167,11.784289,16.089537,-0.010264069,0
9.875529,-4.6102285,16.021292,6.875184,0
3.8494701,11.129415,2.300148,-7.815042,0
4.466527,9.107238,13.316205,-0.20526719,0
8.306872,-5.78596,18.536358,6.416402,0
9.269511,-5.7168384,13.549736,11.827872,0
11.238152,10.422104,24.658207,12.300255,0
9.409808,-4.501446,14.603391,6.4117827,0
6.609332,-5.5147514,13.38489,6.3569617,0
9.957808,11.357341,16.94008,14.873633,0
9.475748,11.214126,16.822105,14.709229,0
9.592438,-5.1298766,13.647632,10.797919,0
2.2740047,12.178693,17.064196,0.573963,0
5.9617987,11.202663,6.497778,-7.4081836,0
1.9634174,12.802525,17.06943,0.57855046,0
6.268201,11.453808,6.943984,-7.447344,0
9.454762,-5.0388036,12.328921,11.19562,0
10.585713,12.642399,17.683474,15.890689,0
6.281733,19.17287,8.953039,-6.904422,0
3.1340358,11.554478,15.897754,-0.21741678,0
6.118321,11.324875,6.6074433,-7.4206614,0
3.981382,6.3142996,10.726533,-0.21158268,0
8.798179,13.986796,11.192748,-6.175504,0
7.50845,-5.524798,18.157274,6.36442,0
9.5299,-5.541229,12.321788,11.195718,0
7.414576,-5.473011,14.930615,6.33231,0
3.3550997,11.454196,15.90298,-0.2086221,0
16.177002,-1.2322043,20.461685,27.622637,0
10.925554,17.480076,7.1762953,1.2836658,0
8.888244,14.231946,11.506055,-6.036983,0
5.894041,-5.7122006,24.302689,-3.171232,0
4.3201337,10.79934,14.913651,-0.5617644,0
9.248951,-5.771402,13.537074,11.865979,0
6.5470223,11.721261,9.87179,-2.9753394,0
14.646323,9.087616,20.930693,22.868784,0
9.616874,-5.0442543,13.642991,10.816512,0
10.790541,10.025459,24.176144,10.016773,0
8.783046,11.100266,18.703064,15.527653,0
3.9643502,7.3617463,12.205458,-0.8976425,0
3.9313118,6.2658195,10.752704,-0.23078342,0
8.958193,-4.0318065,13.408416,-1.5759395,0
1.4437917,11.580024,27.811953,-6.297659,0
9.793377,-4.61974,14.870811,6.2994084,0
7.8580465,-3.8183062,23.299175,-2.9122686,0
9.467738,-4.6487923,13.979936,6.3331637,0
10.913737,16.63368,6.532562,1.1689265,0
8.040331,13.429199,10.341668,-6.827562,0
6.578213,11.751443,9.868486,-2.9713695,0
6.7179832,11.889164,10.604174,-6.310767,0
5.525253,20.47015,11.532123,-6.0294933,0
4.0947156,10.619419,14.984622,-0.8406936,0
6.9619865,12.122506,8.777242,-6.841557,0
3.3413239,11.466181,15.916534,-0.19591217,0
7.2877645,-5.373285,13.925925,6.325018,0
9.816463,-4.769008,14.915422,6.3007717,0
8.639663,-5.822537,18.484886,6.383162,0
10.918946,16.63525,6.347231,1.3913574,0
11.48726,11.569097,23.621944,13.110008,0
6.158012,11.366296,6.612358,-7.389553,0
6.6630807,11.835245,7.373869,1.4563881,0
10.332358,13.604263,17.772226,15.96426,0
9.516865,-4.6933565,13.723694,10.877222,0
11.3141,10.500181,24.692345,12.397945,0
8.96825,-4.042853,13.390129,-1.5609342,0
15.097728,-1.4319127,20.40699,27.566948,0
8.667256,13.718143,9.568323,-6.8873606,0
-1.2593597,3.222829,11.914883,-0.74865,0
6.2967916,19.157034,10.528428,-6.2953773,0
10.309963,14.684578,8.787629,-6.8195915,0
10.014162,11.350388,16.875023,14.763071,0
7.6126466,-5.524054,18.14264,6.3471146,0
15.2271595,-1.4736099,-7.169299,-12.28974,0
10.62193,11.495766,24.350182,12.973993,0
14.435505,-1.1320297,-13.604247,-1.5791693,0
8.363863,-5.8136983,18.518387,6.399439,0
5.303271,10.742186,12.612224,-0.7116045,0
10.5342655,11.546599,24.35149,12.979688,0
9.317397,-5.6667314,13.578267,12.139321,0
1.7843335,11.650656,2.3000326,-7.814738,0
9.992801,-4.849204,16.005075,6.8484435,0
10.899758,10.171376,24.172674,10.0467415,0
3.5258064,11.34844,17.511204,0.6648667,0
4.298564,10.336504,14.228986,-0.62566924,0
5.6257863,-5.818368,24.273766,-3.178206,0
11.230506,11.174458,24.309082,13.021146,0
15.183327,-1.2882361,-8.917262,-8.334145,0
4.1953807,10.608254,14.77723,-0.7009375,0
14.511563,9.234597,20.87165,22.932041,0
7.858898,-3.8188343,23.324774,-2.9022367,0
10.388374,14.2178135,17.574696,15.764035,0
10.562577,11.403358,24.698345,12.396996,0
4.466636,9.079959,13.888345,6.2863135,0
1.9660282,12.795975,23.028866,10.25205,0
3.8397226,6.452569,10.778668,-0.26763186,0
11.981972,11.322973,14.955918,19.615538,0
6.4223695,11.592939,6.9606595,-7.502438,0
12.064711,11.298496,20.912992,22.886578,0
9.694125,-4.6545086,13.706341,10.852308,0
10.450951,15.803199,10.037105,-3.1500702,0
5.6482825,20.613441,7.1125154,1.8669498,0
7.5073056,4.0579443,16.45049,-4.683048,0
3.777454,6.708091,-5.0419455,-7.6952834,0
15.43681,0.21181074,20.43545,27.598597,0
8.75433,13.822098,8.948778,-6.909169,0
10.914216,17.470652,6.368825,1.5225096,0
9.466106,-5.331612,12.333817,11.199301,0
4.03354,10.687512,14.9222145,-0.85474044,0
9.945133,11.331583,16.839386,14.730346,0
10.610042,16.107882,6.961572,1.0291729,0
11.53266,11.535291,24.14032,13.105141,0
8.748497,13.812298,8.998023,-6.925279,0
6.610555,-5.5170164,13.359874,6.3529325,0
4.1527643,20.00718,6.5627103,1.7456489,0
9.550501,-5.0127144,12.319185,11.1984,0
8.790731,13.899928,10.468272,-6.3185043,0
2.5322149,13.137744,23.018507,10.263974,0
11.921879,11.316395,20.839668,22.963331,0
4.9567275,10.566679,12.063938,-0.9404747,0
11.368832,11.21109,23.636858,13.111242,0
6.5720077,11.744468,9.903054,-3.0079992,0
3.9331021,7.260651,12.130761,-0.96070987,0
3.9342823,7.292006,12.204132,-0.9457489,0
8.312368,-5.794559,18.26553,6.2821984,0
10.327409,14.640608,17.957504,14.715775,0
6.6350546,11.801476,9.674201,-6.8284764,0
7.4240026,-5.4768877,17.942228,6.3750978,0
4.4695697,9.095297,13.498239,-0.2884224,0
2.5012412,13.055652,23.985899,9.82993,0
15.207416,-1.2447451,-8.917292,-8.334151,0
4.1633782,10.621084,14.774351,-0.63859314,0
2.448644,12.30221,23.026772,10.25406,0
10.433684,15.790807,10.040081,-3.152918,0
2.0841928,11.668998,27.82188,-6.3076077,0
4.053094,11.0856495,15.829985,-0.2518129,0
-7.498932,7.6978397,5.491297,10.749695,1
-1.1156365,3.5073447,5.0357623,17.767488,1
-4.1857224,-1.3482672,-3.41227,4.514583,1
-9.082276,-4.7180443,8.7004,25.920965,1
-3.9759126,-2.1712127,-5.0635076,3.838283,1
-2.905759,4.51995,1.0581834,9.499308,1
-7.8477907,7.6599154,5.1985464,12.077061,1
-8.112569,8.468987,3.3045082,14.912321,1
-1.1695737,3.5834672,5.0717916,17.82303,1
-4.318977,0.37085637,-2.6726315,5.345947,1
-5.5304556,-2.0497074,-13.703899,15.535433,1
-4.3229337,0.02205637,-2.8700361,6.09677,1
-0.65228057,3.6055841,4.007079,15.12376,1
-8.158731,9.076138,3.353209,16.5124,1
-12.816284,7.1175284,9.176551,7.1289773,1
-7.944576,7.6956944,6.405382,10.615722,1
-3.8464448,2.46131,-0.45397,9.176202,1
-5.2622128,-1.8459064,-4.3808255,4.4106336,1
-8.680353,-5.6357446,-7.318656,22.791271,1
-4.7437944,-0.007962671,-3.0201604,6.5694222,1
-0.6334852,3.504786,4.2885647,17.056774,1
-2.9228044,21.978271,5.1856666,19.361351,1
-11.405549,7.4660344,-8.652525,9.472061,1
-4.0137773,3.6118238,1.07511,9.496038,1
-5.0825806,-0.31790382,-4.830973,4.583254,1
-5.961786,-2.0107925,-13.703494,15.543745,1
-3.85699,1.8077446,-0.5360225,9.270254,1
0.21879783,2.587869,5.691462,18.441147,1
-3.0205486,21.866333,5.787785,20.462929,1
-12.742526,7.096821,9.310931,6.816242,1
-3.6627297,4.062704,0.47058523,7.976975,1
-4.3180757,-0.39619184,-2.9391978,6.2774167,1
-4.7323217,0.106705375,-2.958335,6.284468,1
-0.073280446,2.7954423,4.5035605,18.101088,1
-3.6877232,20.787788,5.9557557,20.35916,1
-1.3635272,22.492128,5.855762,20.296244,1
-12.596119,7.3561344,8.219485,6.704968,1
-4.809727,5.515354,2.02354,9.657072,1
-4.2073216,3.55995,0.4097219,9.485081,1
-0.7097985,4.069969,5.822982,11.052467,1
0.33088297,2.4981377,4.81951,19.1404,1
-3.7070487,20.379814,5.4543667,19.359964,1
-8.101457,9.014869,4.0457664,18.01688,1
-9.346985,7.851752,-8.868035,9.851629,1
-12.212017,7.866565,8.1843195,6.6608872,1
-4.774789,5.643996,2.4635642,9.496639,1
-4.371292,4.2665324,1.6657368,9.590359,1
-5.163223,7.601415,5.9859066,10.705624,1
-6.6872063,6.9507976,3.2856472,16.372038,1
-6.7334266,7.084817,3.3799722,14.881419,1
-5.3338275,7.4481735,6.3826895,10.746243,1
-5.356677,7.3142853,-11.163224,8.728442,1
-3.8825245,2.8590527,-0.48450306,9.065995,1
-3.68131,-3.7577827,8.730782,25.951414,1
-3.8478534,-4.12208,-7.328655,19.790205,1
-5.2046337,6.8188176,-11.1681,8.725018,1
-6.2705564,6.8757706,3.9887123,16.957024,1
-4.5393066,-0.14866449,-3.6365263,4.3535867,1
-9.406969,-4.500774,-7.4160943,22.047897,1
-3.4355383,-3.8492053,-7.416194,22.099915,1
-3.2570207,4.217576,0.2965494,8.32291,1
-8.098573,7.6955028,6.533181,10.617379,1
-1.07874,4.0346627,3.9104283,15.052736,1
-4.191815,-1.3018721,-4.4080863,4.25436,1
-9.047565,-4.7434797,-7.319443,20.823526,1
-3.9557412,-2.2143872,-5.07883,3.8192775,1
-2.9806626,4.457814,1.1414617,9.507776,1
-8.00022,7.6795735,5.312149,10.9845705,1
-8.386359,8.287127,5.1987247,12.075262,1
-1.1479182,4.0428805,3.8303246,15.046933,1
-4.7089887,0.03526984,-3.018708,6.4911666,1
-5.664322,-2.1963172,8.739095,25.959703,1
-4.5061893,-0.028724415,-2.8755164,6.1198564,1
-0.67502856,3.7920957,5.3622146,11.002787,1
-8.27681,9.1546335,2.8449626,15.285598,1
-12.8942995,7.09374,9.222051,7.0996633,1
-8.238245,7.7146516,6.6267457,10.591658,1
-3.9080665,2.837826,-0.38447064,9.21257,1
-5.569959,-2.066826,-4.7915187,4.55124,1
-8.727777,-5.587039,-7.322909,22.78901,1
-5.019062,-0.097470425,-3.0922441,6.8210616,1
-0.6203931,3.654827,3.9684153,15.090644,1
-2.8344126,22.05467,4.0805454,18.352377,1
-11.482696,7.458822,-8.682756,9.443736,1
-4.079788,3.9266691,1.5350289,9.468316,1
-5.1617045,-0.43858507,-13.703925,15.535519,1
-5.97879,-1.9977962,-7.3950806,22.840393,1
-3.8639128,1.8413086,-0.4448932,9.225006,1
0.2060472,2.600143,5.7844095,18.711859,1
-2.880487,22.013597,5.394374,19.4711,1
-12.766914,7.0731378,9.382582,6.7823353,1
-3.7537515,4.152493,0.481595,8.007373,1
-4.4245257,-0.36461762,-3.1288915,6.844823,1
-4.8874335,-0.013129159,-3.0594811,6.7135077,1
-0.18947133,2.913951,4.0352044,17.838284,1
-3.6536367,20.829327,5.902858,20.312897,1
-1.3712295,22.482466,4.7851973,19.169579,1
-12.580095,7.39166,8.2592945,6.743141,1
-4.813852,5.6021867,-8.6030445,9.472669,1
-4.2342215,3.711882,0.49798617,9.498605,1
-0.7148684,4.1334324,5.813771,11.020056,1
-6.4614396,6.5965605,3.6950045,18.324427,1
-3.7154403,20.394382,4.8743873,19.17421,1
-8.182477,9.056988,2.8480597,15.292265,1
-9.469958,7.7836337,-8.649238,9.4908495,1
-12.178667,7.833683,8.338568,6.8032594,1
-4.7850313,5.695481,2.3898969,9.5583105,1
-4.3834324,4.3725877,2.0588617,9.675398,1
-5.201978,7.5601683,6.4416547,10.694898,1
-6.779657,7.0512066,3.40915,14.849384,1
-6.821546,7.155066,3.393868,14.855729,1
-5.324738,7.4287815,6.9005566,10.528414,1
-5.171982,6.8001323,-8.853199,9.831458,1
-3.76714,3.5659826,-0.06004138,8.808933,1
-3.7729897,-3.8363602,-7.341869,22.812893,1
-3.8777125,-4.174125,-7.259515,19.716913,1
-5.0990524,6.578333,-8.796617,9.756407,1
-6.6798754,7.2647667,3.7327595,15.022136,1
-4.5421934,-0.31032056,-3.0555441,6.76797,1
-9.426785,-4.492854,-7.1834593,20.573957,1
-3.4446425,-3.8893294,-7.2721157,20.590746,1
-3.3841157,4.140716,0.30273488,8.324734,1
-7.1618757,7.616837,5.085953,10.588084,1
-1.2341052,3.2264304,-2.4624236,11.595461,1
-4.162456,-1.5195303,-3.429481,4.496585,1
-9.019418,-4.7617493,8.739489,25.960066,1
-4.0831485,-1.6127496,-4.5825243,4.1895466,1
-2.8495789,4.546864,1.0485982,9.399296,1
-7.8080454,7.673226,5.2296886,12.0045595,1
-7.844027,8.312037,3.2988396,15.878169,1
-1.2171183,3.3140342,-2.526114,11.633916,1
-4.298084,0.41207528,-3.2302086,4.626415,1
-5.3104577,-1.8988123,-4.341205,4.374024,1
-4.0760326,1.0204971,-2.8289566,4.828991,1
-0.4737421,3.204964,4.318487,17.10169,1
-8.1504755,9.079583,4.038041,18.024237,1
-12.789038,7.0612063,9.404931,6.7461634,1
-6.9292994,7.540414,5.5376563,10.632744,1
-3.9245496,2.2728736,-0.6581102,8.974819,1
-5.686711,-1.9941627,-3.8137832,4.143011,1
-8.704512,-5.6002946,-7.319747,22.792538,1
-4.2571507,0.7143829,-2.696527,5.4180274,1
-0.29954132,2.9904187,5.071812,17.81931,1
-2.9718406,21.92419,5.021932,19.278744,1
-9.321135,7.8888507,-8.870745,9.848202,1
-3.8879614,3.1749225,-0.35180026,8.933798,1
-5.6179767,-1.6183904,-4.3800073,4.4201937,1
-5.8336663,-1.8168992,-3.8789115,4.1267195,1
-3.727659,1.9560816,-2.478289,11.580739,1
0.28575554,2.5401182,24.150642,10.01806,0
-3.0552263,21.830229,5.8816676,20.388332,1
-11.586686,7.49604,9.324897,6.825718,1
-3.6726365,3.9105804,-0.027638676,8.528341,1
-4.590065,-0.026666055,-2.9745123,6.325911,1
-4.15081,1.0849255,-2.8542666,4.7829304,1
0.04365312,2.7239096,5.5890994,18.268848,1
-3.670598,20.797968,6.0211635,20.322124,1
-1.383001,22.50083,5.865953,20.22894,1
-12.2367,7.6876035,8.374377,6.839595,1
-4.4688582,4.6140695,2.0798063,9.6767435,1
-4.0722966,2.9950163,0.19735566,9.448525,1
-0.5630973,3.2253823,5.0183163,17.755348,1
0.35851762,2.4733987,5.7726808,18.77724,1
-3.7205465,20.47294,5.772374,18.644627,1
-8.100877,8.987816,4.046743,17.999086,1
-9.426552,7.8086195,-8.864444,9.84091,1
-12.173229,7.8439436,8.48778,6.8833976,1
-4.7963924,5.5805078,2.2506297,9.493333,1
-4.242289,3.8932977,1.2666472,9.567889,1
-6.2033305,7.0384884,3.3281019,15.745794,1
-6.4710555,6.662821,3.7130291,18.275784,1
-6.4344816,6.8346524,3.686003,18.27426,1
-5.216649,7.5611444,5.802889,10.650486,1
-5.312132,7.4793043,1.9416012,9.661297,1
-3.8476644,2.7621827,-0.65340436,8.908174,1
-3.559386,-3.7179697,8.732926,25.953686,1
-3.8845716,-4.114812,-7.301317,20.481,1
-5.2453756,6.8906107,6.948099,10.500845,1
-1.1905966,3.719296,4.1038523,17.038984,1
-4.1950126,-1.4183462,-3.476521,4.4732842,1
-9.392605,-4.515789,-7.297083,22.779024,1
-3.6309524,-3.5982034,-7.3604975,22.829935,1
-2.9111333,4.515743,0.4180335,8.410802,1
-7.916356,7.660355,5.9142776,10.653135,1
-1.1496028,3.7610278,4.126769,17.024624,1
-4.1572742,-1.2389758,-3.4285574,4.5045905,1
-9.066487,-4.7269487,8.731726,25.952354,1
-3.9614992,-2.159573,-5.037711,3.863055,1
-2.8982518,4.5228057,1.0435522,9.497979,1
-7.7427287,7.646855,5.1705623,12.031913,1
-8.310878,8.298292,5.164782,12.124325,1
-1.1565678,3.8348963,4.0136113,16.963175,1
-4.2381477,0.45497778,-2.6431623,5.1798043,1
-5.3958397,-1.9374471,-4.7870674,4.5480714,1
-4.223783,0.45351955,-2.6005645,5.1608887,1
-0.6689452,3.5207725,3.9876356,15.09734,1
-8.113412,9.023994,3.3581197,16.579067,1
-12.811759,7.163371,9.174555,7.151855,1
-8.269223,7.749929,6.619819,10.590286,1
-3.9132724,2.8774803,-0.50920236,9.073834,1
-5.3698983,-1.8659182,-4.368422,4.4258394,1
-8.693458,-5.6220107,-7.289276,22.843567,1
-4.4376783,0.27897257,-2.790001,5.8586354,1
-0.7351295,3.3620667,4.3545794,16.999392,1
-2.969476,21.93056,4.71874,19.080803,1
-11.505572,7.4710093,-8.617722,9.3490305,1
-4.056065,3.8916628,1.9661466,9.491121,1
-4.973809,-0.27661175,-3.0487788,6.9212074,1
-5.9508395,-1.9771079,-4.7737527,4.5264645,1
-3.7865667,1.901618,-2.4612317,11.586583,1
0.10735963,2.6733859,5.7142506,18.422007,1
-3.0503886,21.834084,5.869146,20.405815,1
-12.815738,7.0557346,9.382092,6.75571,1
-3.8029664,4.184794,0.46496102,7.9677787,1
-4.3208714,-0.38501188,-2.9180553,6.222907,1
-4.619543,0.22668394,-2.8362873,5.9846125,1
-0.11249829,2.8403912,5.1139593,17.859726,1
-3.681628,20.723175,5.9524703,20.37198,1
-1.3251919,22.530523,5.6305056,19.814909,1
-12.63175,7.356461,8.19518,6.7189956,1
-4.820289,5.689954,-8.612196,9.501732,1
-4.173024,3.5709426,0.3869964,9.486048,1
-0.7318829,4.069656,5.821264,11.051994,1
0.33005473,2.4981482,4.8301272,19.186165,1
-3.686699,20.377502,5.74129,18.79024,1
-8.153702,9.026726,3.3029225,16.383886,1
-9.339266,7.841546,-8.865881,9.846248,1
-12.181344,7.8511963,8.227455,6.705873,1
-4.775471,5.6688304,2.3889053,9.558634,1
-4.371416,4.2406335,2.0073433,9.6912565,1
-5.2166195,7.5666833,5.5686493,10.667616,1
-6.64072,6.9216404,3.2796633,16.363358,1
-6.520211,7.036687,3.3827524,14.867646,1
-5.235569,7.546229,6.364072,10.764422,1
-5.3468432,7.155224,6.9143696,10.5143,1
-3.9246235,3.021553,-0.4237147,9.087428,1
-3.6899617,-3.7175605,8.684628,25.90528,1
-3.8616486,-4.204962,-7.3472943,19.74714,1
-5.1450534,6.7053285,-8.805833,9.762891,1
-6.370175,6.9085083,3.9597254,16.936958,1
-4.557368,-0.15766309,-2.820133,6.103923,1
-9.391858,-4.5216575,-7.3008714,22.76764,1
-3.36959,-3.8739464,8.719834,25.940487,1
-3.0906584,4.3496256,0.32029203,8.331998,1
-7.132366,7.554237,5.162349,10.536681,1
-1.285624,3.2168832,-2.4913182,11.562127,1
-4.1852655,-1.5213321,-3.6513064,4.4130983,1
-9.011358,-4.7737656,8.766314,25.986895,1
-4.058131,-1.6582301,-5.0296817,3.8720584,1
-2.840467,4.573345,1.0599464,9.436983,1
-7.9502707,7.675609,5.305488,10.889223,1
-7.761196,8.222246,3.2713087,16.125462,1
-1.2734377,3.226702,-2.4648802,11.578656,1
-4.3462763,0.36743203,-3.312368,4.553042,1
-5.327387,-1.946708,-4.6965866,4.4276247,1
-4.100524,0.99739873,-2.6380653,5.1904163,1
-0.60590094,3.4822116,3.967726,15.12201,1
-8.259877,9.143282,2.8170862,15.313679,1
-12.73976,7.0863924,9.371482,6.8318396,1
-6.840152,7.5125575,5.1828704,10.588535,1
-4.046354,1.5822636,-0.69751024,8.965384,1
-5.597701,-2.0431209,-3.8458848,4.153639,1
-8.702436,-5.598325,-7.2839613,22.84595,1
-4.2063804,0.72405154,-2.684696,5.4817815,1
-0.4929165,3.1567938,4.23368,17.0868,1
-2.831934,22.061943,4.2309117,18.43124,1
-9.209285,7.889376,-11.182198,8.715019,1
-3.890996,2.8609264,-0.46197978,9.113918,1
-5.5687003,-1.6617582,-4.3848653,4.42107,1
-5.6232038,-1.7420992,-4.4025087,4.4316664,1
-3.7096608,1.9828858,-2.4602563,11.598227,1
0.28540495,2.5433338,5.7993407,18.758144,1
-2.9419553,21.955276,5.504321,19.562729,1
-11.532313,7.5192327,9.322715,6.925615,1
-3.4397435,4.020973,-0.023890905,8.587469,1
-4.2019324,-0.9286713,-3.7485628,4.4369373,1
-4.1284995,0.9166546,-2.5970507,5.17402,1
0.08428309,2.6856132,5.6780615,18.38539,1
-3.6513422,20.84087,6.034025,20.35968,1
-1.3318396,22.523348,4.7990522,19.172493,1
-12.193515,7.7381597,8.379586,6.8107424,1
-4.4667735,4.5482574,2.1049113,9.496364,1
-4.0208197,2.981153,0.20047449,9.454621,1
-0.5406147,3.3034244,4.353638,17.007013,1
0.32534114,2.5026925,5.7757025,18.730024,1
-3.706312,20.422161,5.427632,19.36469,1
-8.146028,9.02085,2.878146,15.259907,1
-9.424616,7.8262787,-8.729551,9.612473,1
-12.166296,7.846292,9.165884,7.1176076,1
-4.684986,5.376393,2.2517283,9.476679,1
-4.300552,3.8527663,1.1586959,9.594367,1
-6.097846,7.0364857,5.1609917,12.122016,1
-6.50011,6.726909,3.6843305,18.282059,1
-6.441859,6.97618,3.2660933,16.18247,1
-5.291607,7.4856424,6.378203,10.775565,1
-5.2937646,7.4768867,-8.607891,9.531195,1
-3.8487458,2.8433578,-0.5389835,8.843744,1
-3.5707972,-3.7594266,8.749459,25.970121,1
-3.9022393,-4.167215,-7.316616,19.783958,1
-5.229284,6.856779,6.9541454,10.5313225,1
-1.183737,3.7732666,4.129197,17.076202,1
-4.366735,-1.439331,-4.634159,4.212009,1
-9.420816,-4.495825,-7.3226814,22.788713,1
-3.7436717,-3.7474368,8.740824,25.961435,1
-2.9918723,4.446533,0.39704,8.360822,1
-7.052442,7.5012517,5.1006155,10.544914,1
-1.1662583,3.2040231,-2.4443514,11.61316,1
-4.2081404,-1.4338856,-3.3121786,4.5724173,1
-9.062291,-4.721948,8.713535,25.93416,1
-4.0920086,-1.5571895,-4.5653667,4.181797,1
-2.8598437,4.5449095,1.0580789,9.428004,1
-7.7837067,7.650384,5.2144465,12.0612135,1
-7.743179,8.216281,3.2718337,16.152224,1
-1.2135493,3.2499976,-2.4800203,11.582398,1
-4.304254,0.35487843,-2.8715506,4.770701,1
-5.3061438,-1.8972932,-3.6617632,4.3303385,1
-4.1151137,0.97600603,-2.8695254,4.771167,1
-0.5685787,3.2302506,4.2324004,17.086288,1
-8.13891,9.073039,4.038287,18.037987,1
-12.715481,7.063044,9.395277,6.7520885,1
-6.8850207,7.560712,5.53859,10.625928,1
-4.0601797,1.3642942,-0.6703783,8.968877,1
-5.450421,-1.9824458,-3.7445812,4.2056427,1
-8.716961,-5.5732694,-13.702667,15.533647,1
-4.145495,0.7918981,-2.8158538,4.8491216,1
-0.41793016,3.1038537,5.0580935,17.810492,1
-2.9766245,21.921486,5.39363,19.445673,1
-9.31377,7.8604927,-8.691075,9.535979,1
-3.9634566,3.0060158,-0.42840633,9.086075,1
-5.5197744,-1.7747,-3.8820145,4.190185,1
-5.660364,-1.7577032,-3.8102582,4.1736627,1
-3.7551851,1.9251328,-2.5329242,11.545889,1
0.26489937,2.5541792,24.15137,10.016386,0
-3.0632057,21.819567,5.790584,20.42605,1
-11.569521,7.4973803,9.229044,7.0663133,1
-3.3983634,4.05208,-0.1475923,8.620369,1
-4.182136,-1.0225116,-3.7113993,4.4180956,1
-4.0718007,1.031975,-2.6120076,5.132882,1
0.01936337,2.742489,5.5872726,18.27436,1
-3.676133,20.800844,6.004101,20.340462,1
-1.3650624,22.488201,5.5326195,19.646229,1
-12.244941,7.6971827,8.336298,6.7801723,1
-4.510005,4.671546,2.1798706,9.530433,1
-4.050574,3.074298,0.26362202,9.449756,1
-0.64042217,3.3953385,4.358221,17.009167,1
0.32582155,2.502063,5.697399,18.426315,1
-3.6674228,20.396051,5.483949,19.393476,1
-8.09142,8.960191,3.3099487,16.392122,1
-9.4193325,7.8130918,-8.834747,9.800463,1
-12.173611,7.844726,8.419506,6.853869,1
-4.7766795,5.5987415,2.1824515,9.621185,1
-4.338489,4.1631746,1.5530044,9.562337,1
-6.014434,7.122009,5.1421366,12.146855,1
-6.509052,6.7496476,3.6865878,18.280691,1
-6.420783,6.942292,3.250614,16.180227,1
-5.311064,7.494991,6.359395,10.7353325,1
-5.304805,7.465205,6.942025,10.493239,1
-3.871366,2.799271,-0.628451,8.919272,1
-3.5771794,-3.7123647,8.713512,25.93414,1
-3.9000692,-4.143841,-7.314313,19.77352,1
-5.2359595,6.8993506,6.9266825,10.498511,1
-1.1371932,3.634475,4.1515217,16.994865,1
-4.2371945,-1.3690932,-3.5902731,4.397206,1
-9.399139,-4.513812,-7.3516808,22.762072,1
-3.6236033,-3.7147317,8.752499,25.97312,1
-2.9609156,4.4732113,0.38022512,8.383441,1
-8.168917,7.7246714,6.630392,10.589537,1
-0.99994266,3.9037843,3.9295752,15.069415,1
-4.176954,-1.3389223,-4.1695943,4.314369,1
-9.060358,-4.7286897,-7.4161477,22.099808,1
-3.9893634,-2.1408398,-5.0265937,3.8736434,1
-2.8685162,4.549604,1.0626742,9.4964905,1
-7.843395,7.666417,5.2117085,12.059603,1
-8.443409,8.163135,5.249271,11.029065,1
-1.1401504,4.02966,3.7446783,15.016373,1
-4.490008,0.11994576,-2.8779745,6.1440744,1
-5.3924556,-2.0506766,-13.703961,15.535535,1
-4.223795,0.013378763,-2.8134422,5.9340835,1
-0.6628901,3.4348855,3.979273,15.093574,1
-8.127972,9.044645,3.2936995,16.364634,1
-12.835044,7.1949115,9.178359,7.1312466,1
-8.250524,7.714937,-11.150853,8.747259,1
-3.9307342,2.8970947,-0.43341234,9.202383,1
-5.57267,-2.049728,-4.7900004,4.5350995,1
-8.702197,-5.613573,-7.3377576,22.80886,1
-4.669352,0.06874266,-2.9851806,6.2984815,1
-0.63501465,3.3979008,4.3361154,17.020588,1
-2.9505136,21.965084,5.111584,19.329191,1
-11.487901,7.496204,-8.660483,9.446508,1
-3.9307077,3.9284537,0.21394217,8.732921,1
-5.166534,-0.44824922,-13.707157,15.537275,1
-5.942551,-1.9858458,-13.681582,15.512906,1
-3.8400562,1.8304052,-2.4831758,11.564526,1
0.09301486,2.6825583,5.6754947,18.386633,1
-2.9906359,21.901045,5.817561,20.441513,1
-12.814982,7.0690656,9.374703,6.780695,1
-3.8061566,4.1815667,0.4576194,7.9834666,1
-4.565223,-0.32990608,-3.0766735,6.9347506,1
-5.0205026,-0.03145201,-3.0830586,6.775875,1
-0.11626937,2.8482094,5.1948547,18.021456,1
-3.696328,20.749758,5.969887,20.357082,1
-1.3675256,22.486794,5.5666943,19.698542,1
-12.698837,7.293433,8.202366,6.6802526,1
-4.807412,5.6035357,2.0637417,9.681669,1
-4.1553125,3.472738,0.24111162,9.426891,1
-0.7273612,4.0744247,5.8684545,11.050438,1
0.34275034,2.48524,4.774439,19.151815,1
-3.7017498,20.376015,5.519258,19.214876,1
-8.141953,9.055561,4.0186806,17.967869,1
-9.43479,7.8055806,-8.895975,9.880887,1
-12.2389765,7.788869,8.333163,6.7916665,1
-4.7834673,5.7029905,2.4357173,9.504195,1
-4.3359494,4.260372,1.6566293,9.496902,1
-5.1794734,7.5912066,6.041724,10.763205,1
-6.5888424,6.873843,3.285999,16.371632,1
-6.799471,7.1449084,3.4033182,14.832721,1
-5.3421817,7.3959255,6.9316955,10.50633,1
-5.159842,6.652762,-8.639207,9.517424,1
-3.6139011,3.849912,-0.058032945,8.644215,1
-3.710905,-3.6914115,8.752298,25.972895,1
-3.9235532,-4.1910877,-7.3201933,19.777164,1
-5.0614977,6.5097785,-8.64674,9.521286,1
-6.782037,7.2755613,5.1615467,12.1224575,1
-4.545439,-0.28205666,-2.6502318,6.4150677,1
-9.425072,-4.4932365,-7.301698,20.731102,1
-3.4386253,-3.8679688,-7.417168,22.091557,1
-3.2348309,4.184742,0.28747758,8.386378,1
-8.203304,7.7307673,-11.199262,8.698937,1
-1.056486,4.023968,5.2686234,10.59182,1
-4.194495,-1.2728604,-4.696421,4.1401467,1
-9.119685,-4.6996636,-7.2054186,20.569374,1
-3.964405,-2.2386672,-5.0503674,3.8518674,1
-2.977598,4.4573903,1.0892563,9.511138,1
-7.872391,7.644857,5.2998176,11.010329,1
-8.48959,8.121045,5.395753,10.919302,1
-1.2086353,4.0885525,5.1176553,10.569947,1
-4.366288,-0.049631797,-2.9008038,6.18315,1
-5.5081015,-2.0974495,8.744411,25.965048,1
-4.3213315,-0.00198121,-2.9236102,6.234479,1
-0.68542486,3.6542957,5.4659767,11.083957,1
-8.179491,9.0823965,2.8593392,15.28011,1
-12.822941,7.154724,9.205114,7.094331,1
-8.428488,7.749163,-11.196206,8.701437,1
-3.9624782,3.069423,-0.19875532,9.224978,1
-5.518794,-2.0069373,-13.703373,15.534708,1
-8.702942,-5.6111407,-7.3237224,22.817507,1
-4.8962684,-0.039984077,-3.1029446,6.794249,1
-0.6354479,3.6708229,5.5053473,11.055957,1
-2.8798678,22.014751,4.1594043,18.41904,1
-11.507869,7.4798265,-8.66715,9.432834,1
-4.0787044,4.0292354,1.5678025,9.487773,1
-5.1542926,-0.43185493,-3.030113,6.957419,1
-6.0051923,-2.0172765,-7.3309484,22.754658,1
-3.8925788,1.7883599,-0.49118406,9.183975,1
0.14610705,2.6392279,5.651959,18.370066,1
-2.8978848,21.997082,5.3792334,19.44095,1
-12.8140745,7.086879,9.382243,6.766144,1
-3.8837423,4.2089562,0.47203833,7.950115,1
-4.469213,-0.39453882,-3.0855143,6.904084,1
-5.00579,-0.06734114,-3.0712714,6.794929,1
-0.1979249,2.9112132,4.1716633,17.645758,1
-3.6854124,20.74503,5.895733,20.280668,1
-1.4002187,22.455402,4.750744,19.129543,1
-12.696187,7.3369646,8.237263,6.7215557,1
-4.754128,5.619424,2.308585,9.452391,1
-4.190658,3.6069427,0.42475075,9.48908,1
-0.7220669,4.116901,5.86365,11.010702,1
-6.4751,6.6484675,3.7284522,18.317974,1
-3.7074323,20.419159,4.833586,19.17707,1
-8.276045,9.150196,2.8452773,15.301765,1
-9.467862,7.8129125,-8.649653,9.467302,1
-12.250881,7.7477913,8.337226,6.795425,1
-4.7625732,5.744529,2.4256651,9.50484,1
-4.3947816,4.423146,2.0111952,9.7132225,1
-5.188823,7.5915504,6.372584,10.773128,1
-6.7590265,7.026957,3.363924,14.815295,1
-6.920994,7.210056,3.3627284,14.866409,1
-5.3274894,7.3108997,-11.168218,8.724934,1
-5.1632285,6.6464233,-8.61079,9.432925,1
-3.6851468,3.8473253,0.042822912,8.6556015,1
-3.7778132,-3.8273919,-7.329876,22.800901,1
-3.8944063,-4.165092,-7.308818,19.760628,1
-5.04511,6.4568906,-8.840372,9.809144,1
-6.925319,7.427456,5.153414,10.588938,1
-4.5198765,-0.2857832,-2.51569,6.593303,1
-9.418778,-4.4976645,-7.1950116,20.554886,1
-3.3381283,-3.9143836,-7.326972,20.82217,1
-3.2656665,4.209579,0.0920312,8.587302,1
-8.240347,7.752535,-11.216533,8.684405,1
-1.0775868,4.034811,5.2050147,10.59189,1
-4.2050347,-1.2583092,-4.724876,4.132675,1
-9.065023,-4.735102,-7.1796017,20.5468,1
-3.9552953,-2.229025,-5.018786,3.875527,1
-2.9450917,4.4854,1.0808702,9.513669,1
-7.9312687,7.672514,5.2853365,10.993309,1
-8.473083,8.159432,5.3438807,10.943959,1
-1.1877607,4.0525723,3.7704747,15.035496,1
-4.5720797,-0.027470859,-3.004102,6.5111156,1
-5.6201572,-2.1747248,8.716202,25.936825,1
-4.410436,-0.07991577,-2.9113028,6.228177,1
-0.68284214,3.6530185,5.384063,11.036806,1
-8.23223,9.112303,2.8372266,15.293719,1
-12.858954,7.1540723,9.176798,7.1235237,1
-8.2973795,7.7368326,-11.198328,8.699602,1
-3.9387193,3.055152,-0.2825627,9.22677,1
-5.598815,-2.0424361,-13.703911,15.535446,1
-8.704175,-5.6049485,-7.3235188,22.751963,1
-5.063317,-0.19202879,-2.9955218,6.9745975,1
-0.70627797,3.8142726,5.506789,11.070927,1
-2.8492126,22.04447,4.610989,18.947462,1
-11.480997,7.465352,-8.668703,9.459526,1
-3.9943197,3.9073977,1.5796635,9.467209,1
-5.159062,-0.44895512,-13.70395,15.535623,1
-6.001475,-2.0013058,-7.3347526,22.788553,1
-3.9153507,1.7683015,-0.45568368,9.176492,1
0.13964286,2.6480024,4.6251035,18.937262,1
-2.8574803,22.03778,5.323229,19.420877,1
-12.800303,7.088681,9.366742,6.748226,1
-3.8266385,4.196707,0.46517628,7.955565,1
-4.4508743,-0.36364326,-3.100953,6.872478,1
-4.949744,-0.02950359,-3.030131,6.933605,1
-0.27645096,2.9870167,4.08129,17.510082,1
-3.6814413,20.751312,5.8249893,20.415907,1
-1.3875428,22.465977,4.7839804,19.157928,1
-12.682862,7.332513,8.234627,6.7233415,1
-4.794744,5.6563582,2.1382816,9.630076,1
-4.1978455,3.7552843,0.46657136,9.486798,1
-0.73794657,4.0957093,5.8750134,11.034065,1
-6.4654427,6.658148,3.7133226,18.303446,1
-3.7062488,20.424856,4.7249837,19.075434,1
-8.236774,9.103153,2.827324,15.3092375,1
-9.470272,7.8187056,-8.746736,9.635259,1
-12.160467,7.8373804,8.236018,6.717102,1
-4.7886057,5.688519,2.4512658,9.454056,1
-4.4024343,4.4296017,2.1738904,9.513594,1
-5.2076497,7.5670214,6.358491,10.770496,1
-6.7811637,7.0505805,3.4215345,14.802992,1
-6.811733,7.1160293,3.404288,14.8406105,1
-5.2983813,7.3693805,6.934578,10.499458,1
-5.15124,6.606172,-8.598197,9.486923,1
-3.7838836,3.9424171,0.07631,8.647099,1
-3.7987633,-3.9052868,-7.3474264,22.786148,1
-3.9004495,-4.1743336,-7.29675,19.75697,1
-5.0669165,6.505753,-8.882548,9.856434,1
-6.9100556,7.408927,5.16232,12.121956,1
-4.527212,-0.32786044,-0.1341032,8.527545,1
-9.432313,-4.4863496,-7.1960998,20.552376,1
-3.3770375,-3.927212,-7.3013215,20.767696,1
-3.351447,4.153099,0.31921205,8.29791,1
-7.502115,7.735962,5.196476,10.679797,1
-1.1461552,3.3969176,5.0434203,17.780903,1
-4.153739,-1.3135402,-3.4002204,4.530994,1
-9.046182,-4.7429914,8.7005415,25.921103,1
-3.9912577,-2.080141,-5.039775,3.8564782,1
-2.8732507,4.5406504,1.0358744,9.447021,1
-7.67094,7.61656,3.3919272,14.8713045,1
-7.998112,8.480104,3.2744782,16.141497,1
-1.0965202,3.5049121,5.101034,17.80272,1
-4.2976356,0.4013743,-2.674757,5.1610126,1
-5.3569436,-1.9382359,-4.775197,4.5296726,1
-4.163122,0.5649912,-2.6258438,5.1579413,1
-0.6239943,3.272977,4.359019,17.044922,1
-8.0966215,9.00847,4.0259404,17.98885,1
-12.796074,7.1000915,9.168254,7.1450725,1
-7.453822,7.7133274,5.2411404,10.686679,1
-3.7310302,2.2267957,-2.4510024,11.565813,1
-5.392907,-1.9427233,-3.6539323,4.246745,1
-8.706408,-5.6027536,-7.327313,22.79387,1
-4.337437,0.3702302,-2.721225,5.5336056,1
-0.5988138,3.301149,4.338757,17.018833,1
-3.0395396,21.84989,5.775869,20.418451,1
-9.3216,7.8696375,-8.651311,9.440152,1
-3.9281385,3.2269633,1.0360388,9.439408,1
-4.835545,-0.07632785,-4.008403,4.2709484,1
-5.8047514,-2.0006945,-4.7877955,4.5484586,1
-3.7567635,1.9248186,-2.4719048,11.582268,1
0.08523399,2.6883302,5.6675715,18.36801,1
-3.1108658,21.756058,5.8290033,20.456375,1
-12.684878,7.0989027,9.298409,6.8495154,1
-3.5514302,3.9432936,0.29176837,8.37798,1
-4.1785073,-0.35721186,-2.8308432,6.0204716,1
-4.3461876,0.4443978,-2.720623,5.3519745,1
-0.040215585,2.7865894,5.6060586,18.298513,1
-3.7047942,20.703714,6.0474215,20.308567,1
-1.3650312,22.490664,5.9107566,20.251598,1
-12.568508,7.3784,8.248565,6.7332344,1
-4.5323205,4.7456594,2.0765498,9.66595,1
-4.0181913,3.007261,0.10914385,9.415506,1
-0.78820026,3.4580865,4.358631,17.010244,1
0.31545705,2.5137084,5.7816496,18.756348,1
-3.688837,20.43128,5.503145,19.341219,1
-8.121655,9.050987,4.031749,17.994625,1
-9.307831,7.8723774,-8.85873,9.8382,1
-12.179759,7.815126,8.214888,6.6985016,1
-4.7696,5.590459,2.3418212,9.427977,1
-4.283959,3.8720574,1.1543534,9.522953,1
-0.7429162,3.9923468,5.5837755,11.046794,1
-6.4539876,6.6828675,3.6856968,18.29742,1
-6.479755,6.8218455,3.7421727,18.290184,1
-5.227399,7.553916,5.8348265,10.655,1
-5.395748,7.270023,-11.159671,8.73241,1
-3.8731139,2.8056138,-0.5824661,9.016523,1
-3.6861637,-3.6935985,8.699564,25.92018,1
-3.933096,-4.121035,-7.3092823,19.80761,1
-5.2030478,6.8102255,-11.169768,8.723374,1
-6.331155,6.8614874,5.6257606,18.365566,1
-4.551627,-0.12731743,-2.8300061,5.106099,1
-9.417174,-4.502462,-7.336965,22.802591,1
-3.4390883,-3.8650022,8.72,25.940605,1
-3.1608295,4.287532,0.22933048,8.439571,1
